game,publisher,retention_1,retention_7
Township,StudioA,0.43090508913552183,0.15139643821853171
Block Blast!,StudioB,0.8630357298074371,0.08775434790932965
Gossip Harbor,StudioC,0.6989954563585539,0.6130144947537078
Magic Sort!,StudioD,0.5989938631477775,0.44072475763308566
Word Search Explorer,StudioE,0.2670139803318274,0.5102471755674295
